"iso_code","location","date","total_cases","new_cases","total_deaths","new_deaths","total_cases_per_million","new_cases_per_million","total_deaths_per_million","new_deaths_per_million","total_tests","new_tests","total_tests_per_thousand","new_tests_per_thousand","tests_units"
"USA","United States","2021-06-04","3.3343297E7","16860.0","596692.0","525.0","100734.231","50.936","1802.68","1.586","4.5331257E8","851917.0","1369.513","2.574","tests performed"
"USA","United States","2021-06-03","3.3326437E7","19074.0","596167.0","612.0","100683.295","57.625","1801.094","1.849","4.52460653E8","973728.0","1366.94","2.942","tests performed"
"USA","United States","2021-06-02","3.3307363E7","16913.0","595555.0","552.0","100625.67","51.096","1799.245","1.668","4.51486925E8","1094736.0","1363.998","3.307","tests performed"
"USA","United States","2021-06-01","3.329045E7","22943.0","595003.0","639.0","100574.573","69.314","1797.578","1.93","4.50392189E8","693818.0","1360.691","2.096","tests performed"
"USA","United States","2021-05-31","3.3267507E7","5776.0","594364.0","143.0","100505.26","17.45","1795.647","0.432","4.49698371E8","309781.0","1358.594","0.936","tests performed"
"USA","United States","2021-05-30","3.3261731E7","6733.0","594221.0","129.0","100487.81","20.341","1795.215","0.39","4.4938859E8","352750.0","1357.659","1.066","tests performed"
"USA","United States","2021-05-29","3.3254998E7","11999.0","594092.0","328.0","100467.468","36.25","1794.826","0.991","4.4903584E8","566504.0","1356.593","1.711","tests performed"
"USA","United States","2021-05-28","3.3242999E7","21858.0","593764.0","554.0","100431.218","66.036","1793.835","1.674","4.48469336E8","827698.0","1354.881","2.501","tests performed"
"USA","United States","2021-05-27","3.3221141E7","27454.0","593210.0","1349.0","100365.182","82.942","1792.161","4.075","4.47641638E8","916885.0","1352.381","2.77","tests performed"
"USA","United States","2021-05-26","3.3193687E7","23972.0","591861.0","973.0","100282.24","72.422","1788.085","2.94","4.46724753E8","1036829.0","1349.611","3.132","tests performed"
"USA","United States","2021-05-25","3.3169715E7","22739.0","590888.0","627.0","100209.818","68.697","1785.146","1.894","4.45687924E8","1060444.0","1346.478","3.204","tests performed"
"USA","United States","2021-05-24","3.3146976E7","25819.0","590261.0","442.0","100141.121","78.002","1783.252","1.335","4.4462748E8","698709.0","1343.275","2.111","tests performed"
"USA","United States","2021-05-23","3.3121157E7","12866.0","589819.0","194.0","100063.118","38.87","1781.916","0.586","4.43928771E8","405016.0","1341.164","1.224","tests performed"
"USA","United States","2021-05-22","3.3108291E7","19799.0","589625.0","491.0","100024.248","59.815","1781.33","1.483","4.43523755E8","702399.0","1339.94","2.122","tests performed"
"USA","United States","2021-05-21","3.3088492E7","27952.0","589134.0","613.0","99964.433","84.446","1779.847","1.852","4.42821356E8","974191.0","1337.818","2.943","tests performed"
"USA","United States","2021-05-20","3.306054E7","30208.0","588521.0","678.0","99879.987","91.262","1777.995","2.048","4.41847165E8","999676.0","1334.875","3.02","tests performed"
"USA","United States","2021-05-19","3.3030332E7","29293.0","587843.0","669.0","99788.725","88.498","1775.947","2.021","4.40847489E8","1169191.0","1331.855","3.532","tests performed"
"USA","United States","2021-05-18","3.3001039E7","27790.0","587174.0","768.0","99700.227","83.957","1773.925","2.32","4.39678298E8","1205184.0","1328.323","3.641","tests performed"
"USA","United States","2021-05-17","3.2973249E7","28622.0","586406.0","399.0","99616.27","86.471","1771.605","1.205","4.38473114E8","790343.0","1324.682","2.388","tests performed"
"USA","United States","2021-05-16","3.2944627E7","16887.0","586007.0","276.0","99529.799","51.018","1770.4","0.834","4.37682771E8","451227.0","1322.294","1.363","tests performed"
"USA","United States","2021-05-15","3.292774E7","28854.0","585731.0","495.0","99478.782","87.172","1769.566","1.495","4.37231544E8","782189.0","1320.931","2.363","tests performed"
"USA","United States","2021-05-14","3.2898886E7","42259.0","585236.0","651.0","99391.61","127.67","1768.07","1.967","4.36449355E8","1076724.0","1318.568","3.253","tests performed"
"USA","United States","2021-05-13","3.2856627E7","38076.0","584585.0","763.0","99263.94","115.032","1766.104","2.305","4.35372631E8","1185210.0","1315.315","3.581","tests performed"
"USA","United States","2021-05-12","3.2818551E7","35839.0","583822.0","767.0","99148.908","108.274","1763.799","2.317","4.34187421E8","1331956.0","1311.734","4.024","tests performed"
"USA","United States","2021-05-11","3.2782712E7","33644.0","583055.0","686.0","99040.634","101.643","1761.481","2.072","4.32855465E8","1322900.0","1307.71","3.997","tests performed"
"USA","United States","2021-05-10","3.2749068E7","36804.0","582369.0","414.0","98938.991","111.189","1759.409","1.251","4.31532565E8","849880.0","1303.713","2.568","tests performed"
"USA","United States","2021-05-09","3.2712264E7","21430.0","581955.0","248.0","98827.802","64.743","1758.158","0.749","4.30682685E8","481130.0","1301.146","1.454","tests performed"
"USA","United States","2021-05-08","3.2690834E7","33676.0","581707.0","628.0","98763.059","101.739","1757.409","1.897","4.30201555E8","846776.0","1299.692","2.558","tests performed"
"USA","United States","2021-05-07","3.2657158E7","48137.0","581079.0","757.0","98661.32","145.428","1755.512","2.287","4.29354779E8","1168375.0","1297.134","3.53","tests performed"
"USA","United States","2021-05-06","3.2609021E7","47552.0","580322.0","799.0","98515.892","143.66","1753.225","2.414","4.28186404E8","1301062.0","1293.604","3.931","tests performed"
"USA","United States","2021-05-05","3.2561469E7","44713.0","579523.0","794.0","98372.231","135.084","1750.811","2.399","4.26885342E8","1518558.0","1289.673","4.588","tests performed"
"USA","United States","2021-05-04","3.2516756E7","40716.0","578729.0","875.0","98237.148","123.008","1748.412","2.643","4.25366784E8","1413645.0","1285.086","4.271","tests performed"
"USA","United States","2021-05-03","3.247604E7","50492.0","577854.0","504.0","98114.14","152.543","1745.769","1.523","4.23953139E8","888724.0","1280.815","2.685","tests performed"
"USA","United States","2021-05-02","3.2425548E7","29404.0","577350.0","335.0","97961.597","88.833","1744.246","1.012","4.23064415E8","519891.0","1278.13","1.571","tests performed"
"USA","United States","2021-05-01","3.2396144E7","45383.0","577015.0","714.0","97872.764","137.108","1743.234","2.157","4.22544524E8","899863.0","1276.559","2.719","tests performed"
"USA","United States","2021-04-30","3.2350761E7","57920.0","576301.0","753.0","97735.656","174.983","1741.077","2.275","4.21644661E8","1307387.0","1273.841","3.95","tests performed"
"USA","United States","2021-04-29","3.2292841E7","58255.0","575548.0","872.0","97560.673","175.996","1738.802","2.634","4.20337274E8","1410574.0","1269.891","4.262","tests performed"
"USA","United States","2021-04-28","3.2234586E7","55141.0","574676.0","967.0","97384.677","166.588","1736.167","2.921","4.189267E8","1568125.0","1265.629","4.737","tests performed"
"USA","United States","2021-04-27","3.2179445E7","50841.0","573709.0","654.0","97218.09","153.597","1733.246","1.976","4.17358575E8","1564106.0","1260.892","4.725","tests performed"
"USA","United States","2021-04-26","3.2128604E7","47566.0","573055.0","494.0","97064.493","143.703","1731.27","1.492","4.15794469E8","990581.0","1256.167","2.993","tests performed"
"USA","United States","2021-04-25","3.2081038E7","32165.0","572561.0","293.0","96920.79","97.174","1729.778","0.885","4.14803888E8","587904.0","1253.174","1.776","tests performed"
"USA","United States","2021-04-24","3.2048873E7","53492.0","572268.0","748.0","96823.615","161.606","1728.893","2.26","4.14215984E8","990306.0","1251.398","2.992","tests performed"
"USA","United States","2021-04-23","3.1995381E7","62405.0","571520.0","783.0","96662.009","188.533","1726.633","2.366","4.13225678E8","1403161.0","1248.406","4.239","tests performed"
"USA","United States","2021-04-22","3.1932976E7","67269.0","570737.0","965.0","96473.476","203.228","1724.267","2.915","4.11822517E8","1487008.0","1244.167","4.492","tests performed"
"USA","United States","2021-04-21","3.1865707E7","62859.0","569772.0","859.0","96270.248","189.905","1721.352","2.595","4.10335509E8","1644135.0","1239.674","4.967","tests performed"
"USA","United States","2021-04-20","3.1802848E7","60941.0","568913.0","841.0","96080.343","184.11","1718.757","2.541","4.08691374E8","1560705.0","1234.707","4.715","tests performed"
"USA","United States","2021-04-19","3.1741907E7","68123.0","568072.0","504.0","95896.233","205.808","1716.216","1.523","4.07130669E8","1011322.0","1229.992","3.055","tests performed"
"USA","United States","2021-04-18","3.1673784E7","42114.0","567568.0","337.0","95690.425","127.232","1714.693","1.018","4.06119347E8","610288.0","1226.937","1.844","tests performed"
"USA","United States","2021-04-17","3.163167E7","52546.0","567231.0","697.0","95563.193","158.748","1713.675","2.106","4.05509059E8","1003857.0","1225.093","3.033","tests performed"
"USA","United States","2021-04-16","3.1579124E7","80051.0","566534.0","869.0","95404.446","241.844","1711.569","2.625","4.04505202E8","1445687.0","1222.06","4.368","tests performed"
"USA","United States","2021-04-15","3.1499073E7","74304.0","565665.0","904.0","95162.602","224.482","1708.944","2.731","4.03059515E8","1474676.0","1217.693","4.455","tests performed"
"USA","United States","2021-04-14","3.1424769E7","75413.0","564761.0","954.0","94938.12","227.832","1706.213","2.882","4.01584839E8","1664839.0","1213.238","5.03","tests performed"
"USA","United States","2021-04-13","3.1349356E7","77957.0","563807.0","835.0","94710.288","235.518","1703.331","2.523","3.9992E8","1603674.0","1208.208","4.845","tests performed"
"USA","United States","2021-04-12","3.1271399E7","70093.0","562972.0","479.0","94474.77","211.76","1700.808","1.447","3.98316326E8","1047264.0","1203.363","3.164","tests performed"
"USA","United States","2021-04-11","3.1201306E7","46506.0","562493.0","302.0","94263.011","140.5","1699.361","0.912","3.97269062E8","642220.0","1200.199","1.94","tests performed"
"USA","United States","2021-04-10","3.11548E7","66696.0","562191.0","712.0","94122.51","201.497","1698.449","2.151","3.96626842E8","1007488.0","1198.259","3.044","tests performed"
"USA","United States","2021-04-09","3.1088104E7","82713.0","561479.0","896.0","93921.013","249.886","1696.298","2.707","3.95619354E8","1444032.0","1195.215","4.363","tests performed"
"USA","United States","2021-04-08","3.1005391E7","79882.0","560583.0","1025.0","93671.127","241.333","1693.591","3.097","3.94175322E8","1508168.0","1190.852","4.556","tests performed"
"USA","United States","2021-04-07","3.0925509E7","75005.0","559558.0","2593.0","93429.794","226.599","1690.494","7.834","3.92667154E8","1658727.0","1186.296","5.011","tests performed"
"USA","United States","2021-04-06","3.0850504E7","60690.0","556965.0","861.0","93203.194","183.352","1682.66","2.601","3.91008427E8","1545345.0","1181.285","4.669","tests performed"
"USA","United States","2021-04-05","3.0789814E7","77399.0","556104.0","518.0","93019.842","233.832","1680.059","1.565","3.89463082E8","943391.0","1176.616","2.85","tests performed"
"USA","United States","2021-04-04","3.0712415E7","35126.0","555586.0","296.0","92786.01","106.12","1678.494","0.894","3.88519691E8","562469.0","1173.766","1.699","tests performed"
"USA","United States","2021-04-03","3.0677289E7","63258.0","555290.0","739.0","92679.89","191.11","1677.6","2.233","3.87957222E8","967498.0","1172.067","2.923","tests performed"
"USA","United States","2021-04-02","3.0614031E7","69886.0","554551.0","952.0","92488.78","211.134","1675.367","2.876","3.86989724E8","1339719.0","1169.144","4.047","tests performed"
"USA","United States","2021-04-01","3.0544145E7","79115.0","553599.0","1077.0","92277.646","239.016","1672.491","3.254","3.85650005E8","1436328.0","1165.096","4.339","tests performed"
"USA","United States","2021-03-31","3.046503E7","66769.0","552522.0","1076.0","92038.63","201.717","1669.237","3.251","3.84213677E8","1574899.0","1160.757","4.758","tests performed"
"USA","United States","2021-03-30","3.0398261E7","61426.0","551446.0","885.0","91836.912","185.576","1665.987","2.674","3.82638778E8","1527829.0","1155.999","4.616","tests performed"
"USA","United States","2021-03-29","3.0336835E7","69282.0","550561.0","709.0","91651.337","209.31","1663.313","2.142","3.81110949E8","1004122.0","1151.383","3.034","tests performed"
"USA","United States","2021-03-28","3.0267553E7","43220.0","549852.0","525.0","91442.027","130.573","1661.171","1.586","3.80106827E8","621686.0","1148.35","1.878","tests performed"
"USA","United States","2021-03-27","3.0224333E7","62848.0","549327.0","791.0","91311.454","189.872","1659.585","2.39","3.79485141E8","996840.0","1146.472","3.012","tests performed"
"USA","United States","2021-03-26","3.0161485E7","77370.0","548536.0","1151.0","91121.582","233.744","1657.195","3.477","3.78488301E8","1369863.0","1143.46","4.139","tests performed"
"USA","United States","2021-03-25","3.0084115E7","67549.0","547385.0","1403.0","90887.838","204.074","1653.718","4.239","3.77118438E8","1441788.0","1139.322","4.356","tests performed"
"USA","United States","2021-03-24","3.0016566E7","86954.0","545982.0","1511.0","90683.764","262.699","1649.479","4.565","3.7567665E8","1650540.0","1134.966","4.986","tests performed"
"USA","United States","2021-03-23","2.9929612E7","53668.0","544471.0","877.0","90421.065","162.138","1644.914","2.65","3.7402611E8","1523700.0","1129.979","4.603","tests performed"
"USA","United States","2021-03-22","2.9875944E7","51433.0","543594.0","721.0","90258.928","155.385","1642.265","2.178","3.7250241E8","971907.0","1125.376","2.936","tests performed"
"USA","United States","2021-03-21","2.9824511E7","33840.0","542873.0","447.0","90103.542","102.235","1640.087","1.35","3.71530503E8","612802.0","1122.44","1.851","tests performed"
"USA","United States","2021-03-20","2.9790671E7","55496.0","542426.0","737.0","90001.307","167.66","1638.736","2.227","3.70917701E8","987771.0","1120.588","2.984","tests performed"
"USA","United States","2021-03-19","2.9735175E7","61666.0","541689.0","1147.0","89833.647","186.301","1636.51","3.465","3.6992993E8","1340325.0","1117.604","4.049","tests performed"
"USA","United States","2021-03-18","2.9673509E7","60374.0","540542.0","1660.0","89647.347","182.397","1633.044","5.015","3.68589605E8","1471393.0","1113.555","4.445","tests performed"
"USA","United States","2021-03-17","2.9613135E7","59279.0","538882.0","1216.0","89464.949","179.089","1628.029","3.674","3.67118212E8","1612966.0","1109.11","4.873","tests performed"
"USA","United States","2021-03-16","2.9553856E7","53993.0","537666.0","1188.0","89285.86","163.12","1624.356","3.589","3.65505246E8","1493264.0","1104.237","4.511","tests performed"
"USA","United States","2021-03-15","2.9499863E7","56546.0","536478.0","757.0","89122.74","170.832","1620.766","2.287","3.64011982E8","945369.0","1099.725","2.856","tests performed"
"USA","United States","2021-03-14","2.9443317E7","38282.0","535721.0","578.0","88951.908","115.655","1618.48","1.746","3.63066613E8","578524.0","1096.869","1.748","tests performed"
"USA","United States","2021-03-13","2.9405035E7","53029.0","535143.0","1006.0","88836.253","160.207","1616.733","3.039","3.62488089E8","1023768.0","1095.121","3.093","tests performed"
"USA","United States","2021-03-12","2.9352006E7","61511.0","534137.0","1565.0","88676.046","185.832","1613.694","4.728","3.61464321E8","1397210.0","1092.028","4.221","tests performed"
"USA","United States","2021-03-11","2.9290495E7","62461.0","532572.0","1553.0","88490.214","188.702","1608.966","4.692","3.60067111E8","1494913.0","1087.807","4.516","tests performed"
"USA","United States","2021-03-10","2.9228034E7","57908.0","531019.0","1572.0","88301.511","174.947","1604.274","4.749","3.58572198E8","1610438.0","1083.291","4.865","tests performed"
"USA","United States","2021-03-09","2.9170126E7","57654.0","529447.0","1809.0","88126.564","174.18","1599.525","5.465","3.5696176E8","1538733.0","1078.426","4.649","tests performed"
"USA","United States","2021-03-08","2.9112472E7","44919.0","527638.0","738.0","87952.384","135.706","1594.06","2.23","3.55423027E8","975275.0","1073.777","2.946","tests performed"
"USA","United States","2021-03-07","2.9067553E7","41075.0","526900.0","699.0","87816.678","124.093","1591.83","2.112","3.54447752E8","608369.0","1070.831","1.838","tests performed"
"USA","United States","2021-03-06","2.9026478E7","58247.0","526201.0","1506.0","87692.586","175.971","1589.718","4.55","3.53839383E8","1065294.0","1068.993","3.218","tests performed"
"USA","United States","2021-03-05","2.8968231E7","66429.0","524695.0","1783.0","87516.614","200.69","1585.169","5.387","3.52774089E8","1428570.0","1065.774","4.316","tests performed"
"USA","United States","2021-03-04","2.8901802E7","68057.0","522912.0","1941.0","87315.924","205.609","1579.782","5.864","3.51345519E8","1550217.0","1061.458","4.683","tests performed"
"USA","United States","2021-03-03","2.8833745E7","67201.0","520971.0","2468.0","87110.315","203.023","1573.918","7.456","3.49795302E8","1734612.0","1056.775","5.24","tests performed"
"USA","United States","2021-03-02","2.8766544E7","57090.0","518503.0","1957.0","86907.293","172.476","1566.462","5.912","3.4806069E8","1609412.0","1051.534","4.862","tests performed"
"USA","United States","2021-03-01","2.8709454E7","58099.0","516546.0","1521.0","86734.817","175.524","1560.549","4.595","3.46451278E8","992297.0","1046.672","2.998","tests performed"
"USA","United States","2021-02-28","2.8651355E7","51419.0","515025.0","1091.0","86559.293","155.343","1555.954","3.296","3.45458981E8","632504.0","1043.674","1.911","tests performed"
"USA","United States","2021-02-27","2.8599936E7","64644.0","513934.0","1518.0","86403.95","195.298","1552.658","4.586","3.44826477E8","1073729.0","1041.764","3.244","tests performed"
"USA","United States","2021-02-26","2.8535292E7","77333.0","512416.0","2067.0","86208.652","233.633","1548.072","6.245","3.43752748E8","1474428.0","1038.52","4.454","tests performed"
"USA","United States","2021-02-25","2.8457959E7","77514.0","510349.0","2450.0","85975.019","234.179","1541.828","7.402","3.4227832E8","1609731.0","1034.065","4.863","tests performed"
"USA","United States","2021-02-24","2.8380445E7","74736.0","507899.0","3169.0","85740.84","225.787","1534.426","9.574","3.40668589E8","1685520.0","1029.202","5.092","tests performed"
"USA","United States","2021-02-23","2.8305709E7","72278.0","504730.0","2282.0","85515.053","218.361","1524.852","6.894","3.38983069E8","1641778.0","1024.11","4.96","tests performed"
"USA","United States","2021-02-22","2.8233431E7","56151.0","502448.0","1325.0","85296.693","169.639","1517.958","4.003","3.37341291E8","1038066.0","1019.15","3.136","tests performed"
"USA","United States","2021-02-21","2.817728E7","57161.0","501123.0","1232.0","85127.053","172.69","1513.955","3.722","3.36303225E8","683209.0","1016.014","2.064","tests performed"
"USA","United States","2021-02-20","2.8120119E7","71608.0","499891.0","1823.0","84954.363","216.337","1510.233","5.508","3.35620016E8","1057116.0","1013.95","3.194","tests performed"
"USA","United States","2021-02-19","2.8048511E7","79282.0","498068.0","2612.0","84738.026","239.521","1504.725","7.891","3.345629E8","1352832.0","1010.756","4.087","tests performed"
"USA","United States","2021-02-18","2.7969229E7","69911.0","495456.0","2529.0","84498.506","211.21","1496.834","7.64","3.33210068E8","1413799.0","1006.669","4.271","tests performed"
"USA","United States","2021-02-17","2.7899318E7","70139.0","492927.0","2409.0","84287.296","211.899","1489.194","7.278","3.31796269E8","1469532.0","1002.398","4.44","tests performed"
"USA","United States","2021-02-16","2.7829179E7","62498.0","490518.0","1751.0","84075.397","188.814","1481.916","5.29","3.30326737E8","1249057.0","997.958","3.774","tests performed"
"USA","United States","2021-02-15","2.7766681E7","54279.0","488767.0","959.0","83886.583","163.984","1476.626","2.897","3.2907768E8","797485.0","994.184","2.409","tests performed"
"USA","United States","2021-02-14","2.7712402E7","65135.0","487808.0","1164.0","83722.599","196.781","1473.728","3.517","3.28280195E8","663591.0","991.775","2.005","tests performed"
"USA","United States","2021-02-13","2.7647267E7","87219.0","486644.0","2187.0","83525.818","263.499","1470.212","6.607","3.27616604E8","1100983.0","989.77","3.326","tests performed"
"USA","United States","2021-02-12","2.7560048E7","99670.0","484457.0","2910.0","83262.319","301.115","1463.605","8.791","3.26515621E8","1411318.0","986.444","4.264","tests performed"
"USA","United States","2021-02-11","2.7460378E7","105764.0","481547.0","3228.0","82961.204","319.526","1454.813","9.752","3.25104303E8","1414453.0","982.18","4.273","tests performed"
"USA","United States","2021-02-10","2.7354614E7","95250.0","478319.0","3296.0","82641.677","287.762","1445.061","9.958","3.2368985E8","1636924.0","977.907","4.945","tests performed"
"USA","United States","2021-02-09","2.7259364E7","95265.0","475023.0","3073.0","82353.915","287.807","1435.103","9.284","3.22052926E8","1690945.0","972.962","5.109","tests performed"
"USA","United States","2021-02-08","2.7164099E7","90438.0","471950.0","1619.0","82066.108","273.224","1425.819","4.891","3.20361981E8","1041491.0","967.853","3.146","tests performed"
"USA","United States","2021-02-07","2.7073661E7","89746.0","470331.0","1437.0","81792.884","271.134","1420.928","4.341","3.1932049E8","828223.0","964.707","2.502","tests performed"
"USA","United States","2021-02-06","2.6983915E7","104176.0","468894.0","2670.0","81521.75","314.729","1416.587","8.066","3.18492267E8","1332471.0","962.205","4.026","tests performed"
"USA","United States","2021-02-05","2.6879739E7","134422.0","466224.0","3666.0","81207.021","406.106","1408.52","11.075","3.17159796E8","1828029.0","958.179","5.523","tests performed"
"USA","United States","2021-02-04","2.6745317E7","124006.0","462558.0","3736.0","80800.916","374.637","1397.445","11.287","3.15331767E8","1927403.0","952.656","5.823","tests performed"
"USA","United States","2021-02-03","2.6621311E7","121691.0","458822.0","3907.0","80426.278","367.644","1386.158","11.804","3.13404364E8","1868444.0","946.833","5.645","tests performed"
"USA","United States","2021-02-02","2.649962E7","115303.0","454915.0","3434.0","80058.635","348.345","1374.355","10.375","3.1153592E8","1631321.0","941.189","4.928","tests performed"
"USA","United States","2021-02-01","2.6384317E7","134975.0","451481.0","2071.0","79710.29","407.776","1363.98","6.257","3.09904599E8","1031505.0","936.26","3.116","tests performed"
"USA","United States","2021-01-31","2.6249342E7","112152.0","449410.0","1858.0","79302.514","338.825","1357.723","5.613","3.08873094E8","943808.0","933.144","2.851","tests performed"
"USA","United States","2021-01-30","2.613719E7","142459.0","447552.0","2783.0","78963.689","430.386","1352.11","8.408","3.07929286E8","1430667.0","930.293","4.322","tests performed"
"USA","United States","2021-01-29","2.5994731E7","166613.0","444769.0","3617.0","78533.302","503.359","1343.702","10.927","3.06498619E8","1831978.0","925.97","5.535","tests performed"
"USA","United States","2021-01-28","2.5828118E7","168804.0","441152.0","4007.0","78029.944","509.978","1332.775","12.106","3.04666641E8","1895550.0","920.436","5.727","tests performed"
"USA","United States","2021-01-27","2.5659314E7","153961.0","437145.0","3966.0","77519.966","465.135","1320.669","11.982","3.02771091E8","2052763.0","914.709","6.202","tests performed"
"USA","United States","2021-01-26","2.5505353E7","147626.0","433179.0","4009.0","77054.831","445.996","1308.687","12.112","3.00718328E8","1771614.0","908.507","5.352","tests performed"
"USA","United States","2021-01-25","2.5357727E7","151677.0","429170.0","1976.0","76608.834","458.235","1296.576","5.97","2.98946714E8","1225300.0","903.155","3.702","tests performed"
"USA","United States","2021-01-24","2.520605E7","131198.0","427194.0","1892.0","76150.599","396.365","1290.606","5.716","2.97721414E8","997671.0","899.453","3.014","tests performed"
"USA","United States","2021-01-23","2.5074852E7","170759.0","425302.0","3346.0","75754.234","515.884","1284.89","10.109","2.96723743E8","1540715.0","896.439","4.655","tests performed"
"USA","United States","2021-01-22","2.4904093E7","190760.0","421956.0","3846.0","75238.35","576.31","1274.781","11.619","2.95183028E8","1912795.0","891.784","5.779","tests performed"
"USA","United States","2021-01-21","2.4713333E7","193856.0","418110.0","4192.0","74662.04","585.663","1263.162","12.665","2.93270233E8","2038844.0","886.006","6.16","tests performed"
"USA","United States","2021-01-20","2.4519477E7","183261.0","413918.0","4406.0","74076.377","553.654","1250.498","13.311","2.91231389E8","2121541.0","879.846","6.409","tests performed"
"USA","United States","2021-01-19","2.4336216E7","176216.0","409512.0","2723.0","73522.723","532.37","1237.186","8.227","2.89109848E8","1801862.0","873.437","5.444","tests performed"
"USA","United States","2021-01-18","2.416E7","143598.0","406789.0","1553.0","72990.353","433.827","1228.96","4.692","2.87307986E8","1283915.0","867.993","3.879","tests performed"
"USA","United States","2021-01-17","2.4016402E7","177931.0","405236.0","1883.0","72556.526","537.552","1224.268","5.689","2.86024071E8","1065437.0","864.114","3.219","tests performed"
"USA","United States","2021-01-16","2.3838471E7","201858.0","403353.0","3423.0","72018.974","609.838","1218.579","10.341","2.84958634E8","1579075.0","860.895","4.771","tests performed"
"USA","United States","2021-01-15","2.3636613E7","242780.0","399930.0","3887.0","71409.136","733.468","1208.238","11.743","2.83379559E8","2027820.0","856.125","6.126","tests performed"
"USA","United States","2021-01-14","2.3393833E7","235766.0","396043.0","3986.0","70675.667","712.278","1196.495","12.042","2.81351739E8","2068032.0","849.998","6.248","tests performed"
"USA","United States","2021-01-13","2.3158067E7","230301.0","392057.0","4012.0","69963.389","695.768","1184.453","12.121","2.79283707E8","2097019.0","843.751","6.335","tests performed"
"USA","United States","2021-01-12","2.2927766E7","226967.0","388045.0","4475.0","69267.621","685.695","1172.332","13.52","2.77186688E8","2017691.0","837.415","6.096","tests performed"
"USA","United States","2021-01-11","2.2700799E7","214664.0","383570.0","2106.0","68581.926","648.527","1158.812","6.362","2.75168997E8","1514567.0","831.32","4.576","tests performed"
"USA","United States","2021-01-10","2.2486135E7","213415.0","381464.0","2003.0","67933.399","644.753","1152.45","6.051","2.7365443E8","1158817.0","826.744","3.501","tests performed"
"USA","United States","2021-01-09","2.227272E7","260967.0","379461.0","3324.0","67288.646","788.414","1146.399","10.042","2.72495613E8","1711916.0","823.243","5.172","tests performed"
"USA","United States","2021-01-08","2.2011753E7","295257.0","376137.0","4110.0","66500.233","892.008","1136.356","12.417","2.70783697E8","2143141.0","818.071","6.475","tests performed"
"USA","United States","2021-01-07","2.1716496E7","278337.0","372027.0","3993.0","65608.225","840.891","1123.94","12.063","2.68640556E8","2250719.0","811.596","6.8","tests performed"
"USA","United States","2021-01-06","2.1438159E7","255637.0","368034.0","3904.0","64767.334","772.311","1111.876","11.794","2.66389837E8","2317094.0","804.797","7.0","tests performed"
"USA","United States","2021-01-05","2.1182522E7","235042.0","364130.0","3710.0","63995.023","710.091","1100.082","11.208","2.64072743E8","1951842.0","797.796","5.897","tests performed"
"USA","United States","2021-01-04","2.094748E7","184005.0","360420.0","2093.0","63284.932","555.902","1088.873","6.323","2.62120901E8","1392248.0","791.9","4.206","tests performed"
"USA","United States","2021-01-03","2.0763475E7","208853.0","358327.0","1453.0","62729.03","630.971","1082.55","4.39","2.60728653E8","1041200.0","787.694","3.146","tests performed"
"USA","United States","2021-01-02","2.0554622E7","300462.0","356874.0","2514.0","62098.059","907.733","1078.161","7.595","2.59687453E8","1108006.0","784.548","3.347","tests performed"
"USA","United States","2021-01-01","2.025416E7","153916.0","354360.0","2155.0","61190.326","464.999","1070.565","6.511","2.58579447E8","1242656.0","781.201","3.754","tests performed"
"USA","United States","2020-12-31","2.0100244E7","235600.0","352205.0","3462.0","60725.327","711.777","1064.055","10.459","2.57336791E8","1917087.0","777.446","5.792","tests performed"
"USA","United States","2020-12-30","1.9864644E7","233701.0","348743.0","3752.0","60013.55","706.04","1053.596","11.335","2.55419704E8","2183971.0","771.655","6.598","tests performed"
"USA","United States","2020-12-29","1.9630943E7","200408.0","344991.0","3634.0","59307.511","605.457","1042.261","10.979","2.53235733E8","1854756.0","765.057","5.603","tests performed"
"USA","United States","2020-12-28","1.9430535E7","174152.0","341357.0","2008.0","58702.053","526.135","1031.282","6.066","2.51380977E8","1281368.0","759.453","3.871","tests performed"
"USA","United States","2020-12-27","1.9256383E7","155845.0","339349.0","1436.0","58175.918","470.827","1025.215","4.338","2.50099609E8","936224.0","755.582","2.828","tests performed"
"USA","United States","2020-12-26","1.9100538E7","226416.0","337913.0","1892.0","57705.091","684.031","1020.877","5.716","2.49163385E8","980928.0","752.753","2.964","tests performed"
"USA","United States","2020-12-25","1.8874122E7","97880.0","336021.0","1434.0","57021.061","295.708","1015.161","4.332","2.48182457E8","1068745.0","749.79","3.229","tests performed"
"USA","United States","2020-12-24","1.8776242E7","194155.0","334587.0","2898.0","56725.353","586.566","1010.829","8.755","2.47113712E8","1881951.0","746.561","5.686","tests performed"
"USA","United States","2020-12-23","1.8582087E7","229624.0","331689.0","3432.0","56138.787","693.723","1002.074","10.368","2.45231761E8","2265912.0","740.876","6.846","tests performed"
"USA","United States","2020-12-22","1.8352463E7","198107.0","328257.0","3405.0","55445.064","598.506","991.705","10.287","2.42965849E8","1978125.0","734.03","5.976","tests performed"
"USA","United States","2020-12-21","1.8154356E7","198703.0","324852.0","1924.0","54846.558","600.306","981.418","5.813","2.40987724E8","1518946.0","728.054","4.589","tests performed"
"USA","United States","2020-12-20","1.7955653E7","188015.0","322928.0","1722.0","54246.252","568.017","975.605","5.202","2.39468778E8","1270462.0","723.465","3.838","tests performed"
"USA","United States","2020-12-19","1.7767638E7","192102.0","321206.0","2653.0","53678.235","580.364","970.403","8.015","2.38198316E8","1700609.0","719.627","5.138","tests performed"
"USA","United States","2020-12-18","1.7575536E7","251832.0","318553.0","2974.0","53097.871","760.816","962.388","8.985","2.36497707E8","2012256.0","714.489","6.079","tests performed"
"USA","United States","2020-12-17","1.7323704E7","239900.0","315579.0","3499.0","52337.056","724.768","953.403","10.571","2.34485451E8","2042108.0","708.41","6.169","tests performed"
"USA","United States","2020-12-16","1.7083804E7","246644.0","312080.0","3670.0","51612.288","745.142","942.832","11.088","2.32443343E8","2068295.0","702.24","6.249","tests performed"
"USA","United States","2020-12-15","1.683716E7","208992.0","308410.0","3115.0","50867.146","631.391","931.745","9.411","2.30375048E8","1937230.0","695.992","5.853","tests performed"
"USA","United States","2020-12-14","1.6628168E7","194314.0","305295.0","1653.0","50235.755","587.047","922.334","4.994","2.28437818E8","1487576.0","690.139","4.494","tests performed"
"USA","United States","2020-12-13","1.6433854E7","187971.0","303642.0","1634.0","49648.709","567.884","917.34","4.937","2.26950242E8","1245437.0","685.645","3.763","tests performed"
"USA","United States","2020-12-12","1.6245883E7","217797.0","302008.0","2470.0","49080.825","657.992","912.404","7.462","2.25704805E8","1717735.0","681.882","5.189","tests performed"
"USA","United States","2020-12-11","1.6028086E7","240089.0","299538.0","3410.0","48422.833","725.339","904.941","10.302","2.2398707E8","2051549.0","676.693","6.198","tests performed"
"USA","United States","2020-12-10","1.5787997E7","231428.0","296128.0","2996.0","47697.495","699.173","894.639","9.051","2.21935521E8","2176271.0","670.495","6.575","tests performed"
"USA","United States","2020-12-09","1.5556569E7","222648.0","293132.0","3177.0","46998.322","672.647","885.588","9.598","2.1975925E8","2119684.0","663.92","6.404","tests performed"
"USA","United States","2020-12-08","1.5333921E7","224452.0","289955.0","2623.0","46325.675","678.097","875.99","7.924","2.17639566E8","1910849.0","657.516","5.773","tests performed"
"USA","United States","2020-12-07","1.5109469E7","194409.0","287332.0","1609.0","45647.578","587.334","868.066","4.861","2.15728717E8","1538285.0","651.743","4.647","tests performed"
"USA","United States","2020-12-06","1.491506E7","181253.0","285723.0","1352.0","45060.244","547.588","863.205","4.085","2.14190432E8","1292066.0","647.096","3.903","tests performed"
"USA","United States","2020-12-05","1.4733807E7","215811.0","284371.0","2358.0","44512.656","651.992","859.12","7.124","2.12898366E8","1690299.0","643.192","5.107","tests performed"
"USA","United States","2020-12-04","1.4517996E7","232644.0","282013.0","2700.0","43860.664","702.846","851.996","8.157","2.11208067E8","2115090.0","638.086","6.39","tests performed"
"USA","United States","2020-12-03","1.4285352E7","223421.0","279313.0","2944.0","43157.818","674.983","843.839","8.894","2.09092977E8","2145295.0","631.696","6.481","tests performed"
"USA","United States","2020-12-02","1.4061931E7","202894.0","276369.0","2815.0","42482.835","612.968","834.945","8.504","2.06947682E8","2094676.0","625.215","6.328","tests performed"
"USA","United States","2020-12-01","1.3859037E7","188339.0","273554.0","2551.0","41869.868","568.995","826.441","7.707","2.04853006E8","1840691.0","618.886","5.561","tests performed"
"USA","United States","2020-11-30","1.3670698E7","160321.0","271003.0","1348.0","41300.872","484.35","818.734","4.072","2.03012315E8","1463669.0","613.325","4.422","tests performed"
"USA","United States","2020-11-29","1.3510377E7","140328.0","269655.0","1039.0","40816.523","423.948","814.661","3.139","2.01548646E8","1151151.0","608.903","3.478","tests performed"
"USA","United States","2020-11-28","1.3370049E7","155661.0","268616.0","1365.0","40392.574","470.271","811.522","4.124","2.00397495E8","1346690.0","605.426","4.069","tests performed"
"USA","United States","2020-11-27","1.3214388E7","207933.0","267251.0","1551.0","39922.303","628.191","807.398","4.686","1.99050805E8","1509358.0","601.357","4.56","tests performed"
"USA","United States","2020-11-26","1.3006455E7","112526.0","265700.0","1388.0","39294.112","339.955","802.713","4.193","1.97541447E8","1506174.0","596.797","4.55","tests performed"
"USA","United States","2020-11-25","1.2893929E7","183403.0","264312.0","2259.0","38954.157","554.083","798.519","6.825","1.96035273E8","2221171.0","592.247","6.71","tests performed"
"USA","United States","2020-11-24","1.2710526E7","175544.0","262053.0","2131.0","38400.074","530.34","791.695","6.438","1.93814102E8","1968062.0","585.536","5.946","tests performed"
"USA","United States","2020-11-23","1.2534982E7","174089.0","259922.0","1099.0","37869.733","525.944","785.257","3.32","1.9184604E8","1671936.0","579.591","5.051","tests performed"
"USA","United States","2020-11-22","1.2360893E7","146947.0","258823.0","1036.0","37343.789","443.945","781.936","3.13","1.90174104E8","1422188.0","574.54","4.297","tests performed"
"USA","United States","2020-11-21","1.2213946E7","179436.0","257787.0","1621.0","36899.844","542.098","778.806","4.897","1.88751916E8","1855588.0","570.243","5.606","tests performed"
"USA","United States","2020-11-20","1.203451E7","198333.0","256166.0","1956.0","36357.746","599.189","773.909","5.909","1.86896328E8","2147840.0","564.637","6.489","tests performed"
"USA","United States","2020-11-19","1.1836177E7","191510.0","254210.0","2057.0","35758.557","578.575","768.0","6.214","1.84748488E8","2074457.0","558.148","6.267","tests performed"
"USA","United States","2020-11-18","1.1644667E7","173251.0","252153.0","1919.0","35179.982","523.413","761.785","5.798","1.82674031E8","2097926.0","551.881","6.338","tests performed"
"USA","United States","2020-11-17","1.1471416E7","163958.0","250234.0","1719.0","34656.569","495.337","755.988","5.193","1.80576105E8","1903868.0","545.543","5.752","tests performed"
"USA","United States","2020-11-16","1.1307458E7","162624.0","248515.0","834.0","34161.231","491.307","750.795","2.52","1.78672237E8","1489651.0","539.791","4.5","tests performed"
"USA","United States","2020-11-15","1.1144834E7","136356.0","247681.0","778.0","33669.924","411.948","748.275","2.35","1.77182586E8","1197506.0","535.291","3.618","tests performed"
"USA","United States","2020-11-14","1.1008478E7","167926.0","246903.0","1346.0","33257.976","507.325","745.925","4.066","1.7598508E8","1598329.0","531.673","4.829","tests performed"
"USA","United States","2020-11-13","1.0840552E7","180398.0","245557.0","1202.0","32750.65","545.005","741.858","3.631","1.74386751E8","1903649.0","526.844","5.751","tests performed"
"USA","United States","2020-11-12","1.0660154E7","164750.0","244355.0","1207.0","32205.646","497.73","738.227","3.646","1.72483102E8","1852123.0","521.093","5.595","tests performed"
"USA","United States","2020-11-11","1.0495404E7","146750.0","243148.0","1433.0","31707.916","443.35","734.58","4.329","1.70630979E8","1790045.0","515.497","5.408","tests performed"
"USA","United States","2020-11-10","1.0348654E7","140504.0","241715.0","1419.0","31264.566","424.48","730.251","4.287","1.68840934E8","1537684.0","510.089","4.646","tests performed"
"USA","United States","2020-11-09","1.020815E7","120434.0","240296.0","779.0","30840.086","363.846","725.964","2.353","1.6730325E8","1223322.0","505.444","3.696","tests performed"
"USA","United States","2020-11-08","1.0087716E7","115170.0","239517.0","573.0","30476.24","347.943","723.611","1.731","1.66079928E8","1010583.0","501.748","3.053","tests performed"
"USA","United States","2020-11-07","9972546.0","127510.0","238944.0","1081.0","30128.297","385.224","721.879","3.266","1.65069345E8","1455178.0","498.695","4.396","tests performed"
"USA","United States","2020-11-06","9845036.0","128033.0","237863.0","1231.0","29743.073","386.804","718.614","3.719","1.63614167E8","1676648.0","494.299","5.065","tests performed"
"USA","United States","2020-11-05","9717003.0","129367.0","236632.0","1159.0","29356.27","390.834","714.895","3.501","1.61937519E8","1694800.0","489.233","5.12","tests performed"
"USA","United States","2020-11-04","9587636.0","104541.0","235473.0","1116.0","28965.436","315.831","711.393","3.372","1.60242719E8","1631438.0","484.113","4.929","tests performed"
"USA","United States","2020-11-03","9483095.0","127198.0","234357.0","1575.0","28649.605","384.281","708.022","4.758","1.58611281E8","1366772.0","479.184","4.129","tests performed"
"USA","United States","2020-11-02","9355897.0","85211.0","232782.0","574.0","28265.324","257.433","703.263","1.734","1.57244509E8","1016657.0","475.055","3.071","tests performed"
"USA","United States","2020-11-01","9270686.0","104900.0","232208.0","499.0","28007.891","316.916","701.529","1.508","1.56227852E8","899995.0","471.984","2.719","tests performed"
"USA","United States","2020-10-31","9165786.0","89754.0","231709.0","924.0","27690.975","271.158","700.022","2.792","1.55327857E8","1220472.0","469.265","3.687","tests performed"
"USA","United States","2020-10-30","9076032.0","99264.0","230785.0","1059.0","27419.817","299.889","697.23","3.199","1.54107385E8","1499590.0","465.578","4.53","tests performed"
"USA","United States","2020-10-29","8976768.0","91019.0","229726.0","1004.0","27119.928","274.98","694.031","3.033","1.52607795E8","1483635.0","461.047","4.482","tests performed"
"USA","United States","2020-10-28","8885749.0","79426.0","228722.0","1034.0","26844.948","239.956","690.997","3.124","1.5112416E8","1502475.0","456.565","4.539","tests performed"
"USA","United States","2020-10-27","8806323.0","76838.0","227688.0","974.0","26604.993","232.137","687.874","2.943","1.49621685E8","1339062.0","452.026","4.045","tests performed"
"USA","United States","2020-10-26","8729485.0","67310.0","226714.0","533.0","26372.856","203.352","684.931","1.61","1.48282623E8","953140.0","447.98","2.88","tests performed"
"USA","United States","2020-10-25","8662175.0","62204.0","226181.0","461.0","26169.504","187.926","683.321","1.393","1.47329483E8","793206.0","445.101","2.396","tests performed"
"USA","United States","2020-10-24","8599971.0","82767.0","225720.0","952.0","25981.578","250.049","681.928","2.876","1.46536277E8","1179400.0","442.704","3.563","tests performed"
"USA","United States","2020-10-23","8517204.0","81933.0","224768.0","965.0","25731.528","247.53","679.052","2.915","1.45356877E8","1464871.0","439.141","4.426","tests performed"
"USA","United States","2020-10-22","8435271.0","76310.0","223803.0","894.0","25483.999","230.542","676.137","2.701","1.43892006E8","1531456.0","434.716","4.627","tests performed"
"USA","United States","2020-10-21","8358961.0","63301.0","222909.0","1119.0","25253.457","191.24","673.436","3.381","1.4236055E8","1478884.0","430.089","4.468","tests performed"
"USA","United States","2020-10-20","8295660.0","61956.0","221790.0","923.0","25062.216","187.177","670.055","2.788","1.40881666E8","1276450.0","425.621","3.856","tests performed"
"USA","United States","2020-10-19","8233704.0","67717.0","220867.0","488.0","24875.04","204.581","667.267","1.474","1.39605216E8","874729.0","421.765","2.643","tests performed"
"USA","United States","2020-10-18","8165987.0","49367.0","220379.0","487.0","24670.458","149.144","665.792","1.471","1.38730487E8","770412.0","419.122","2.328","tests performed"
"USA","United States","2020-10-17","8116620.0","56759.0","219892.0","761.0","24521.314","171.476","664.321","2.299","1.37960075E8","1115961.0","416.794","3.371","tests performed"
"USA","United States","2020-10-16","8059861.0","69147.0","219131.0","948.0","24349.839","208.902","662.022","2.864","1.36844114E8","1328931.0","413.423","4.015","tests performed"
"USA","United States","2020-10-15","7990714.0","64880.0","218183.0","842.0","24140.937","196.011","659.158","2.544","1.35515183E8","1302260.0","409.408","3.934","tests performed"
"USA","United States","2020-10-14","7925834.0","59778.0","217341.0","987.0","23944.926","180.597","656.614","2.982","1.34212923E8","1228392.0","405.474","3.711","tests performed"
"USA","United States","2020-10-13","7866056.0","52231.0","216354.0","801.0","23764.33","157.796","653.632","2.42","1.32984531E8","1064114.0","401.763","3.215","tests performed"
"USA","United States","2020-10-12","7813825.0","41774.0","215553.0","397.0","23606.533","126.204","651.212","1.199","1.31920417E8","808770.0","398.548","2.443","tests performed"
"USA","United States","2020-10-11","7772051.0","45981.0","215156.0","465.0","23480.329","138.914","650.013","1.405","1.31111647E8","747508.0","396.105","2.258","tests performed"
"USA","United States","2020-10-10","7726070.0","54953.0","214691.0","657.0","23341.415","166.02","648.608","1.985","1.30364139E8","1103258.0","393.846","3.333","tests performed"
"USA","United States","2020-10-09","7671117.0","56384.0","214034.0","969.0","23175.395","170.343","646.623","2.927","1.29260881E8","1399861.0","390.513","4.229","tests performed"
"USA","United States","2020-10-08","7614733.0","58599.0","213065.0","989.0","23005.052","177.035","643.696","2.988","1.2786102E8","1430237.0","386.284","4.321","tests performed"
"USA","United States","2020-10-07","7556134.0","51056.0","212076.0","923.0","22828.017","154.247","640.708","2.788","1.26430783E8","1411469.0","381.963","4.264","tests performed"
"USA","United States","2020-10-06","7505078.0","45289.0","211153.0","686.0","22673.77","136.824","637.919","2.072","1.25019314E8","1226615.0","377.699","3.706","tests performed"
"USA","United States","2020-10-05","7459789.0","39376.0","210467.0","481.0","22536.947","118.96","635.847","1.453","1.23792699E8","806398.0","373.993","2.436","tests performed"
"USA","United States","2020-10-04","7420413.0","35738.0","209986.0","378.0","22417.987","107.969","634.394","1.142","1.22986301E8","641003.0","371.557","1.937","tests performed"
"USA","United States","2020-10-03","7384675.0","48577.0","209608.0","682.0","22310.018","146.757","633.252","2.06","1.22345298E8","976420.0","369.62","2.95","tests performed"
"USA","United States","2020-10-02","7336098.0","54950.0","208926.0","860.0","22163.261","166.011","631.191","2.598","1.21368878E8","1191769.0","366.67","3.6","tests performed"
"USA","United States","2020-10-01","7281148.0","45650.0","208066.0","869.0","21997.25","137.914","628.593","2.625","1.20177109E8","1223786.0","363.07","3.697","tests performed"
"USA","United States","2020-09-30","7235498.0","39443.0","207197.0","958.0","21859.336","119.162","625.968","2.894","1.18953323E8","1200642.0","359.373","3.627","tests performed"
"USA","United States","2020-09-29","7196055.0","43338.0","206239.0","836.0","21740.174","130.929","623.074","2.526","1.17752681E8","984087.0","355.745","2.973","tests performed"
"USA","United States","2020-09-28","7152717.0","33294.0","205403.0","358.0","21609.244","100.585","620.548","1.082","1.16768594E8","667027.0","352.772","2.015","tests performed"
"USA","United States","2020-09-27","7119423.0","37528.0","205045.0","315.0","21508.659","113.377","619.466","0.952","1.16101567E8","596826.0","350.757","1.803","tests performed"
"USA","United States","2020-09-26","7081895.0","44673.0","204730.0","769.0","21395.282","134.963","618.515","2.323","1.15504741E8","938101.0","348.954","2.834","tests performed"
"USA","United States","2020-09-25","7037222.0","48295.0","203961.0","940.0","21260.319","145.905","616.191","2.84","1.1456664E8","1128288.0","346.12","3.409","tests performed"
"USA","United States","2020-09-24","6988927.0","47103.0","203021.0","900.0","21114.414","142.304","613.352","2.719","1.13438352E8","1201186.0","342.711","3.629","tests performed"
"USA","United States","2020-09-23","6941824.0","39069.0","202121.0","1056.0","20972.11","118.032","610.633","3.19","1.12237166E8","1203322.0","339.082","3.635","tests performed"
"USA","United States","2020-09-22","6902755.0","39866.0","201065.0","1029.0","20854.078","120.44","607.442","3.109","1.11033844E8","1028023.0","335.447","3.106","tests performed"
"USA","United States","2020-09-21","6862889.0","51878.0","200036.0","425.0","20733.638","156.73","604.334","1.284","1.10005821E8","749059.0","332.341","2.263","tests performed"
"USA","United States","2020-09-20","6811011.0","38447.0","199611.0","266.0","20576.908","116.153","603.05","0.804","1.09256762E8","623652.0","330.078","1.884","tests performed"
"USA","United States","2020-09-19","6772564.0","42202.0","199345.0","732.0","20460.755","127.497","602.246","2.211","1.0863311E8","937668.0","328.194","2.833","tests performed"
"USA","United States","2020-09-18","6730362.0","49282.0","198613.0","891.0","20333.257","148.887","600.034","2.692","1.07695442E8","1228237.0","325.361","3.711","tests performed"
"USA","United States","2020-09-17","6681080.0","45130.0","197722.0","858.0","20184.37","136.343","597.343","2.592","1.06467205E8","1156715.0","321.651","3.495","tests performed"
"USA","United States","2020-09-16","6635950.0","39030.0","196864.0","962.0","20048.027","117.914","594.751","2.906","1.0531049E8","1137937.0","318.156","3.438","tests performed"
"USA","United States","2020-09-15","6596920.0","39492.0","195902.0","1198.0","19930.113","119.31","591.844","3.619","1.04172553E8","966107.0","314.718","2.919","tests performed"
"USA","United States","2020-09-14","6557428.0","34423.0","194704.0","432.0","19810.802","103.996","588.225","1.305","1.03206446E8","707849.0","311.799","2.138","tests performed"
"USA","United States","2020-09-13","6523005.0","34372.0","194272.0","423.0","19706.806","103.842","586.92","1.278","1.02498597E8","627077.0","309.661","1.894","tests performed"
"USA","United States","2020-09-12","6488633.0","41101.0","193849.0","711.0","19602.964","124.171","585.642","2.148","1.0187152E8","864892.0","307.766","2.613","tests performed"
"USA","United States","2020-09-11","6447532.0","47769.0","193138.0","1164.0","19478.793","144.316","583.494","3.517","1.01006628E8","1098936.0","305.154","3.32","tests performed"
"USA","United States","2020-09-10","6399763.0","36056.0","191974.0","919.0","19334.477","108.93","579.977","2.776","9.9907692E7","1085895.0","301.834","3.281","tests performed"
"USA","United States","2020-09-09","6363707.0","34049.0","191055.0","1161.0","19225.547","102.866","577.201","3.508","9.8821797E7","957795.0","298.553","2.894","tests performed"
"USA","United States","2020-09-08","6329658.0","27226.0","189894.0","455.0","19122.681","82.253","573.693","1.375","9.7864002E7","662649.0","295.659","2.002","tests performed"
"USA","United States","2020-09-07","6302432.0","23613.0","189439.0","295.0","19040.428","71.338","572.319","0.891","9.7201353E7","414113.0","293.657","1.251","tests performed"
"USA","United States","2020-09-06","6278819.0","31218.0","189144.0","472.0","18969.09","94.313","571.427","1.426","9.678724E7","564845.0","292.406","1.706","tests performed"
"USA","United States","2020-09-05","6247601.0","43158.0","188672.0","762.0","18874.777","130.386","570.001","2.302","9.6222395E7","815704.0","290.7","2.464","tests performed"
"USA","United States","2020-09-04","6204443.0","50382.0","187910.0","957.0","18744.391","152.21","567.699","2.891","9.5406691E7","998228.0","288.235","3.016","tests performed"
"USA","United States","2020-09-03","6154061.0","44251.0","186953.0","1031.0","18592.181","133.688","564.808","3.115","9.4408463E7","1031650.0","285.22","3.117","tests performed"
"USA","United States","2020-09-02","6109810.0","41018.0","185922.0","1073.0","18458.493","123.92","561.693","3.242","9.3376813E7","1025806.0","282.103","3.099","tests performed"
"USA","United States","2020-09-01","6068792.0","41846.0","184849.0","1029.0","18334.572","126.422","558.452","3.109","9.2351007E7","906276.0","279.004","2.738","tests performed"
"USA","United States","2020-08-31","6026946.0","35362.0","183820.0","541.0","18208.15","106.833","555.343","1.634","9.1444731E7","661041.0","276.266","1.997","tests performed"
"USA","United States","2020-08-30","5991584.0","34404.0","183279.0","441.0","18101.317","103.939","553.709","1.332","9.078369E7","614040.0","274.269","1.855","tests performed"
"USA","United States","2020-08-29","5957180.0","42754.0","182838.0","915.0","17997.379","129.165","552.376","2.764","9.016965E7","798009.0","272.414","2.411","tests performed"
"USA","United States","2020-08-28","5914426.0","46832.0","181923.0","978.0","17868.214","141.485","549.612","2.955","8.9371641E7","986317.0","270.003","2.98","tests performed"
"USA","United States","2020-08-27","5867594.0","45393.0","180945.0","1115.0","17726.728","137.138","546.657","3.369","8.8385324E7","1019583.0","267.023","3.08","tests performed"
"USA","United States","2020-08-26","5822201.0","45172.0","179830.0","1162.0","17589.59","136.47","543.289","3.511","8.7365741E7","1017124.0","263.943","3.073","tests performed"
"USA","United States","2020-08-25","5777029.0","40354.0","178668.0","1230.0","17453.12","121.914","539.778","3.716","8.6348617E7","904904.0","260.87","2.734","tests performed"
"USA","United States","2020-08-24","5736675.0","36482.0","177438.0","475.0","17331.206","110.217","536.062","1.435","8.5443713E7","666146.0","258.136","2.013","tests performed"
"USA","United States","2020-08-23","5700193.0","34247.0","176963.0","545.0","17220.989","103.464","534.627","1.647","8.4777567E7","561586.0","256.124","1.697","tests performed"
"USA","United States","2020-08-22","5665946.0","43064.0","176418.0","911.0","17117.525","130.102","532.981","2.752","8.4215981E7","794079.0","254.427","2.399","tests performed"
"USA","United States","2020-08-21","5622882.0","48843.0","175507.0","1088.0","16987.423","147.561","530.228","3.287","8.3421902E7","964840.0","252.028","2.915","tests performed"
"USA","United States","2020-08-20","5574039.0","44041.0","174419.0","1104.0","16839.862","133.053","526.941","3.335","8.2457062E7","995754.0","249.113","3.008","tests performed"
"USA","United States","2020-08-19","5529998.0","47320.0","173315.0","1337.0","16706.809","142.96","523.606","4.039","8.1461308E7","1004442.0","246.105","3.035","tests performed"
"USA","United States","2020-08-18","5482678.0","45033.0","171978.0","1226.0","16563.849","136.05","519.567","3.704","8.0456866E7","894750.0","243.07","2.703","tests performed"
"USA","United States","2020-08-17","5437645.0","36652.0","170752.0","493.0","16427.799","110.73","515.863","1.489","7.9562116E7","676228.0","240.367","2.043","tests performed"
"USA","United States","2020-08-16","5400993.0","39212.0","170259.0","616.0","16317.069","118.464","514.374","1.861","7.8885888E7","572466.0","238.324","1.729","tests performed"
"USA","United States","2020-08-15","5361781.0","46951.0","169643.0","1000.0","16198.605","141.845","512.513","3.021","7.8313422E7","767464.0","236.595","2.319","tests performed"
"USA","United States","2020-08-14","5314830.0","65336.0","168643.0","1337.0","16056.76","197.388","509.491","4.039","7.7545958E7","960738.0","234.276","2.903","tests performed"
"USA","United States","2020-08-13","5249494.0","51316.0","167306.0","1064.0","15859.372","155.032","505.452","3.214","7.658522E7","979672.0","231.373","2.96","tests performed"
"USA","United States","2020-08-12","5198178.0","56040.0","166242.0","1505.0","15704.34","169.304","502.238","4.547","7.5605548E7","1027956.0","228.414","3.106","tests performed"
"USA","United States","2020-08-11","5142138.0","48003.0","164737.0","1025.0","15535.036","145.023","497.691","3.097","7.4577592E7","908517.0","225.308","2.745","tests performed"
"USA","United States","2020-08-10","5094135.0","47606.0","163712.0","634.0","15390.013","143.824","494.594","1.915","7.3669075E7","784451.0","222.563","2.37","tests performed"
"USA","United States","2020-08-09","5046529.0","45769.0","163078.0","523.0","15246.189","138.274","492.679","1.58","7.2884624E7","626442.0","220.193","1.893","tests performed"
"USA","United States","2020-08-08","5000760.0","54134.0","162555.0","1076.0","15107.915","163.546","491.099","3.251","7.2258182E7","815383.0","218.301","2.463","tests performed"
"USA","United States","2020-08-07","4946626.0","59303.0","161479.0","1241.0","14944.37","179.162","487.848","3.749","7.1442799E7","1014863.0","215.838","3.066","tests performed"
"USA","United States","2020-08-06","4887323.0","59349.0","160238.0","1239.0","14765.208","179.301","484.099","3.743","7.0427936E7","989373.0","212.772","2.989","tests performed"
"USA","United States","2020-08-05","4827974.0","54466.0","158999.0","1439.0","14585.908","164.549","480.356","4.347","6.9438563E7","964771.0","209.783","2.915","tests performed"
"USA","United States","2020-08-04","4773508.0","58774.0","157560.0","1282.0","14421.359","177.564","476.008","3.873","6.8473792E7","882343.0","206.868","2.666","tests performed"
"USA","United States","2020-08-03","4714734.0","45501.0","156278.0","583.0","14243.795","137.464","472.135","1.761","6.7591449E7","776184.0","204.202","2.345","tests performed"
"USA","United States","2020-08-02","4669233.0","45568.0","155695.0","437.0","14106.331","137.667","470.374","1.32","6.6815265E7","624094.0","201.857","1.885","tests performed"
"USA","United States","2020-08-01","4623665.0","56201.0","155258.0","1087.0","13968.665","169.79","469.054","3.284","6.6191171E7","792252.0","199.972","2.393","tests performed"
"USA","United States","2020-07-31","4567464.0","68712.0","154171.0","1237.0","13798.875","207.587","465.77","3.737","6.5398919E7","989757.0","197.578","2.99","tests performed"
"USA","United States","2020-07-30","4498752.0","67466.0","152934.0","1235.0","13591.287","203.823","462.033","3.731","6.4409162E7","1037661.0","194.588","3.135","tests performed"
"USA","United States","2020-07-29","4431286.0","71873.0","151699.0","1411.0","13387.464","217.137","458.301","4.263","6.3371501E7","1039893.0","191.453","3.142","tests performed"
"USA","United States","2020-07-28","4359413.0","66412.0","150288.0","1332.0","13170.327","200.639","454.039","4.024","6.2331608E7","966551.0","188.312","2.92","tests performed"
"USA","United States","2020-07-27","4293001.0","56783.0","148956.0","1127.0","12969.688","171.548","450.015","3.405","6.1365057E7","797211.0","185.391","2.408","tests performed"
"USA","United States","2020-07-26","4236218.0","54816.0","147829.0","531.0","12798.139","165.606","446.61","1.604","6.0567846E7","677127.0","182.983","2.046","tests performed"
"USA","United States","2020-07-25","4181402.0","64953.0","147298.0","932.0","12632.533","196.231","445.006","2.816","5.9890719E7","881679.0","180.937","2.664","tests performed"
"USA","United States","2020-07-24","4116449.0","73319.0","146366.0","1106.0","12436.302","221.506","442.19","3.341","5.900904E7","1074193.0","178.274","3.245","tests performed"
"USA","United States","2020-07-23","4043130.0","68445.0","145260.0","1070.0","12214.797","206.781","438.848","3.233","5.7934847E7","1083357.0","175.028","3.273","tests performed"
"USA","United States","2020-07-22","3974685.0","70579.0","144190.0","1223.0","12008.016","213.228","435.616","3.695","5.685149E7","1109182.0","171.755","3.351","tests performed"
"USA","United States","2020-07-21","3904106.0","64461.0","142967.0","1085.0","11794.788","194.745","431.921","3.278","5.5742308E7","1035949.0","168.404","3.13","tests performed"
"USA","United States","2020-07-20","3839645.0","62107.0","141882.0","563.0","11600.043","187.633","428.643","1.701","5.4706359E7","907524.0","165.275","2.742","tests performed"
"USA","United States","2020-07-19","3777538.0","60456.0","141319.0","485.0","11412.41","182.645","426.942","1.465","5.3798835E7","718062.0","162.533","2.169","tests performed"
"USA","United States","2020-07-18","3717082.0","62536.0","140834.0","859.0","11229.765","188.929","425.477","2.595","5.3080773E7","910847.0","160.364","2.752","tests performed"
"USA","United States","2020-07-17","3654546.0","72236.0","139975.0","925.0","11040.836","218.234","422.882","2.795","5.2169926E7","1046961.0","157.612","3.163","tests performed"
"USA","United States","2020-07-16","3582310.0","75866.0","139050.0","955.0","10822.602","229.201","420.087","2.885","5.1122965E7","1028598.0","154.449","3.108","tests performed"
"USA","United States","2020-07-15","3506444.0","68090.0","138095.0","974.0","10593.402","205.708","417.202","2.943","5.0094367E7","1034910.0","151.341","3.127","tests performed"
"USA","United States","2020-07-14","3438354.0","68051.0","137121.0","928.0","10387.693","205.591","414.26","2.804","4.9059457E7","1003413.0","148.215","3.031","tests performed"
"USA","United States","2020-07-13","3370303.0","58930.0","136193.0","448.0","10182.103","178.035","411.456","1.353","4.8056044E7","867692.0","145.183","2.621","tests performed"
"USA","United States","2020-07-12","3311373.0","58424.0","135745.0","472.0","10004.068","176.506","410.102","1.426","4.7188352E7","698080.0","142.562","2.109","tests performed"
"USA","United States","2020-07-11","3252949.0","60017.0","135273.0","729.0","9827.562","181.319","408.676","2.202","4.6490272E7","839940.0","140.453","2.538","tests performed"
"USA","United States","2020-07-10","3192932.0","68057.0","134544.0","816.0","9646.243","205.609","406.474","2.465","4.5650332E7","1014949.0","137.915","3.066","tests performed"
"USA","United States","2020-07-09","3124875.0","62509.0","133728.0","1020.0","9440.634","188.847","404.009","3.082","4.4635383E7","1011356.0","134.849","3.055","tests performed"
"USA","United States","2020-07-08","3062366.0","60119.0","132708.0","822.0","9251.787","181.627","400.927","2.483","4.3624027E7","980067.0","131.794","2.961","tests performed"
"USA","United States","2020-07-07","3002247.0","60661.0","131886.0","1161.0","9070.16","183.264","398.444","3.508","4.264396E7","902655.0","128.833","2.727","tests performed"
"USA","United States","2020-07-06","2941586.0","43106.0","130725.0","377.0","8886.896","130.229","394.936","1.139","4.1741305E7","724973.0","126.106","2.19","tests performed"
"USA","United States","2020-07-05","2898480.0","50747.0","130348.0","326.0","8756.667","153.313","393.797","0.985","4.1016332E7","526669.0","123.915","1.591","tests performed"
"USA","United States","2020-07-04","2847733.0","45693.0","130022.0","315.0","8603.354","138.044","392.813","0.952","4.0489663E7","620340.0","122.324","1.874","tests performed"
"USA","United States","2020-07-03","2802040.0","51351.0","129707.0","670.0","8465.31","155.138","391.861","2.024","3.9869323E7","800215.0","120.45","2.418","tests performed"
"USA","United States","2020-07-02","2750689.0","56636.0","129037.0","710.0","8310.172","171.104","389.837","2.145","3.9069108E7","858223.0","118.033","2.593","tests performed"
"USA","United States","2020-07-01","2694053.0","51820.0","128327.0","701.0","8139.068","156.555","387.692","2.118","3.8210885E7","884140.0","115.44","2.671","tests performed"
"USA","United States","2020-06-30","2642233.0","46420.0","127626.0","555.0","7982.513","140.241","385.574","1.677","3.7326745E7","855580.0","112.769","2.585","tests performed"
"USA","United States","2020-06-29","2595813.0","41299.0","127071.0","386.0","7842.273","124.769","383.897","1.166","3.6471165E7","664446.0","110.184","2.007","tests performed"
"USA","United States","2020-06-28","2554514.0","40734.0","126685.0","316.0","7717.503","123.062","382.731","0.955","3.5806719E7","565874.0","108.177","1.71","tests performed"
"USA","United States","2020-06-27","2513780.0","41330.0","126369.0","506.0","7594.441","124.863","381.776","1.529","3.5240845E7","693381.0","106.467","2.095","tests performed"
"USA","United States","2020-06-26","2472450.0","45999.0","125863.0","628.0","7469.578","138.969","380.248","1.897","3.4547464E7","809576.0","104.372","2.446","tests performed"
"USA","United States","2020-06-25","2426451.0","40326.0","125235.0","538.0","7330.609","121.83","378.35","1.625","3.3737888E7","771229.0","101.926","2.33","tests performed"
"USA","United States","2020-06-24","2386125.0","35878.0","124697.0","737.0","7208.779","108.392","376.725","2.227","3.2966659E7","766384.0","99.596","2.315","tests performed"
"USA","United States","2020-06-23","2350247.0","37072.0","123960.0","748.0","7100.387","111.999","374.499","2.26","3.2200275E7","700101.0","97.281","2.115","tests performed"
"USA","United States","2020-06-22","2313175.0","32144.0","123212.0","407.0","6988.388","97.111","372.239","1.23","3.1500174E7","547505.0","95.166","1.654","tests performed"
"USA","United States","2020-06-21","2281031.0","25150.0","122805.0","320.0","6891.277","75.981","371.009","0.967","3.0952669E7","421213.0","93.512","1.273","tests performed"
"USA","United States","2020-06-20","2255881.0","32280.0","122485.0","558.0","6815.296","97.522","370.042","1.686","3.0531456E7","583978.0","92.239","1.764","tests performed"
"USA","United States","2020-06-19","2223601.0","31544.0","121927.0","627.0","6717.774","95.298","368.357","1.894","2.9947478E7","704103.0","90.475","2.127","tests performed"
"USA","United States","2020-06-18","2192057.0","28537.0","121300.0","688.0","6622.476","86.214","366.462","2.079","2.9243375E7","701614.0","88.348","2.12","tests performed"
"USA","United States","2020-06-17","2163520.0","27072.0","120612.0","739.0","6536.262","81.788","364.384","2.233","2.8541761E7","705521.0","86.228","2.131","tests performed"
"USA","United States","2020-06-16","2136448.0","23667.0","119873.0","813.0","6454.474","71.501","362.151","2.456","2.783624E7","672504.0","84.097","2.032","tests performed"
"USA","United States","2020-06-15","2112781.0","19827.0","119060.0","396.0","6382.973","59.9","359.695","1.196","2.7163736E7","506019.0","82.065","1.529","tests performed"
"USA","United States","2020-06-14","2092954.0","18941.0","118664.0","345.0","6323.073","57.223","358.499","1.042","2.6657717E7","413013.0","80.536","1.248","tests performed"
"USA","United States","2020-06-13","2074013.0","25212.0","118319.0","740.0","6265.85","76.169","357.456","2.236","2.6244704E7","531525.0","79.289","1.606","tests performed"
"USA","United States","2020-06-12","2048801.0","24828.0","117579.0","829.0","6189.682","75.008","355.221","2.505","2.5713179E7","616120.0","77.683","1.861","tests performed"
"USA","United States","2020-06-11","2023973.0","23166.0","116750.0","828.0","6114.673","69.987","352.716","2.501","2.5097059E7","614414.0","75.821","1.856","tests performed"
"USA","United States","2020-06-10","2000807.0","21111.0","115922.0","879.0","6044.686","63.779","350.215","2.656","2.4482645E7","627993.0","73.965","1.897","tests performed"
"USA","United States","2020-06-09","1979696.0","18383.0","115043.0","907.0","5980.907","55.537","347.559","2.74","2.3854652E7","559664.0","72.068","1.691","tests performed"
"USA","United States","2020-06-08","1961313.0","17616.0","114136.0","509.0","5925.37","53.22","344.819","1.538","2.3294988E7","448816.0","70.377","1.356","tests performed"
"USA","United States","2020-06-07","1943697.0","17928.0","113627.0","460.0","5872.149","54.163","343.281","1.39","2.2846172E7","405454.0","69.021","1.225","tests performed"
"USA","United States","2020-06-06","1925769.0","21142.0","113167.0","642.0","5817.987","63.873","341.892","1.94","2.2440718E7","464211.0","67.796","1.402","tests performed"
"USA","United States","2020-06-05","1904627.0","25403.0","112525.0","889.0","5754.114","76.746","339.952","2.686","2.1976507E7","572550.0","66.394","1.73","tests performed"
"USA","United States","2020-06-04","1879224.0","21658.0","111636.0","1006.0","5677.368","65.432","337.266","3.039","2.1403957E7","617787.0","64.664","1.866","tests performed"
"USA","United States","2020-06-03","1857566.0","19857.0","110630.0","1008.0","5611.937","59.99","334.227","3.045","2.078617E7","581796.0","62.798","1.758","tests performed"
"USA","United States","2020-06-02","1837709.0","21502.0","109622.0","980.0","5551.947","64.96","331.182","2.961","2.0204374E7","521163.0","61.04","1.574","tests performed"
"USA","United States","2020-06-01","1816207.0","17414.0","108642.0","778.0","5486.986","52.61","328.221","2.35","1.9683211E7","438679.0","59.465","1.325","tests performed"
"USA","United States","2020-05-31","1798793.0","18983.0","107864.0","617.0","5434.376","57.35","325.871","1.864","1.9244532E7","373109.0","58.14","1.127","tests performed"
"USA","United States","2020-05-30","1779810.0","23632.0","107247.0","954.0","5377.026","71.395","324.006","2.882","1.8871423E7","452991.0","57.013","1.369","tests performed"
"USA","United States","2020-05-29","1756178.0","24478.0","106293.0","1130.0","5305.631","73.951","321.124","3.414","1.8418432E7","545191.0","55.644","1.647","tests performed"
"USA","United States","2020-05-28","1731700.0","22320.0","105163.0","1092.0","5231.68","67.431","317.71","3.299","1.7873241E7","535010.0","53.997","1.616","tests performed"
"USA","United States","2020-05-27","1709380.0","18551.0","104071.0","1459.0","5164.249","56.045","314.411","4.408","1.7338231E7","552804.0","52.381","1.67","tests performed"
"USA","United States","2020-05-26","1690829.0","19663.0","102612.0","678.0","5108.204","59.404","310.004","2.048","1.6785427E7","460081.0","50.711","1.39","tests performed"
"USA","United States","2020-05-25","1671166.0","18662.0","101934.0","597.0","5048.8","56.38","307.955","1.804","1.6325346E7","328662.0","49.321","0.993","tests performed"
"USA","United States","2020-05-24","1652504.0","20077.0","101337.0","640.0","4992.419","60.655","306.152","1.934","1.5996684E7","346169.0","48.328","1.046","tests performed"
"USA","United States","2020-05-23","1632427.0","21099.0","100697.0","1086.0","4931.764","63.743","304.218","3.281","1.5650515E7","389895.0","47.282","1.178","tests performed"
"USA","United States","2020-05-22","1611328.0","23649.0","99611.0","1222.0","4868.021","71.447","300.937","3.692","1.526062E7","491220.0","46.104","1.484","tests performed"
"USA","United States","2020-05-21","1587679.0","25769.0","98389.0","1185.0","4796.575","77.851","297.245","3.58","1.47694E7","458709.0","44.62","1.386","tests performed"
"USA","United States","2020-05-20","1561910.0","22725.0","97204.0","1499.0","4718.724","68.655","293.665","4.529","1.4310691E7","461911.0","43.234","1.395","tests performed"
"USA","United States","2020-05-19","1539185.0","20979.0","95705.0","1460.0","4650.069","63.38","289.137","4.411","1.384878E7","432968.0","41.839","1.308","tests performed"
"USA","United States","2020-05-18","1518206.0","22389.0","94245.0","1223.0","4586.688","67.64","284.726","3.695","1.3415812E7","352242.0","40.531","1.064","tests performed"
"USA","United States","2020-05-17","1495817.0","18388.0","93022.0","825.0","4519.048","55.552","281.031","2.492","1.306357E7","304082.0","39.467","0.919","tests performed"
"USA","United States","2020-05-16","1477429.0","24135.0","92197.0","1201.0","4463.496","72.915","278.539","3.628","1.2759488E7","365624.0","38.548","1.105","tests performed"
"USA","United States","2020-05-15","1453294.0","24733.0","90996.0","1666.0","4390.581","74.721","274.91","5.033","1.2393864E7","444762.0","37.443","1.344","tests performed"
"USA","United States","2020-05-14","1428561.0","26817.0","89330.0","1782.0","4315.86","81.017","269.877","5.384","1.1949102E7","449626.0","36.1","1.358","tests performed"
"USA","United States","2020-05-13","1401744.0","20433.0","87548.0","1725.0","4234.842","61.731","264.493","5.211","1.1499476E7","449883.0","34.741","1.359","tests performed"
"USA","United States","2020-05-12","1381311.0","22927.0","85823.0","1598.0","4173.112","69.265","259.282","4.828","1.1049593E7","421301.0","33.382","1.273","tests performed"
"USA","United States","2020-05-11","1358384.0","19298.0","84225.0","1044.0","4103.846","58.302","254.454","3.154","1.0628292E7","319335.0","32.109","0.965","tests performed"
"USA","United States","2020-05-10","1339086.0","18805.0","83181.0","987.0","4045.545","56.812","251.3","2.982","1.0308957E7","248563.0","31.145","0.751","tests performed"
"USA","United States","2020-05-09","1320281.0","25176.0","82194.0","1463.0","3988.732","76.06","248.318","4.42","1.0060394E7","335155.0","30.394","1.013","tests performed"
"USA","United States","2020-05-08","1295105.0","26830.0","80731.0","1758.0","3912.673","81.057","243.898","5.311","9725239.0","402881.0","29.381","1.217","tests performed"
"USA","United States","2020-05-07","1268275.0","27429.0","78973.0","1925.0","3831.616","82.866","238.587","5.816","9322358.0","361978.0","28.164","1.094","tests performed"
"USA","United States","2020-05-06","1240846.0","24569.0","77048.0","2309.0","3748.749","74.226","232.772","6.976","8960380.0","359314.0","27.07","1.086","tests performed"
"USA","United States","2020-05-05","1216277.0","24528.0","74739.0","2215.0","3674.523","74.102","225.796","6.692","8601066.0","319157.0","25.985","0.964","tests performed"
"USA","United States","2020-05-04","1191749.0","24068.0","72524.0","1390.0","3600.421","72.712","219.104","4.199","8281909.0","250519.0","25.021","0.757","tests performed"
"USA","United States","2020-05-03","1167681.0","24321.0","71134.0","1198.0","3527.709","73.477","214.905","3.619","8031390.0","207538.0","24.264","0.627","tests performed"
"USA","United States","2020-05-02","1143360.0","27348.0","69936.0","1729.0","3454.232","82.622","211.285","5.224","7823852.0","268231.0","23.637","0.81","tests performed"
"USA","United States","2020-05-01","1116012.0","34907.0","68207.0","1915.0","3371.61","105.458","206.062","5.785","7555621.0","336456.0","22.826","1.016","tests performed"
"USA","United States","2020-04-30","1081105.0","29205.0","66292.0","2188.0","3266.152","88.232","200.276","6.61","7219165.0","322418.0","21.81","0.974","tests performed"
"USA","United States","2020-04-29","1051900.0","26459.0","64104.0","2410.0","3177.92","79.936","193.666","7.281","6896747.0","294585.0","20.836","0.89","tests performed"
"USA","United States","2020-04-28","1025441.0","24575.0","61694.0","2225.0","3097.984","74.244","186.385","6.722","6602162.0","269591.0","19.946","0.814","tests performed"
"USA","United States","2020-04-27","1000866.0","23715.0","59469.0","1520.0","3023.74","71.646","179.663","4.592","6332571.0","225708.0","19.131","0.682","tests performed"
"USA","United States","2020-04-26","977151.0","26488.0","57949.0","1404.0","2952.094","80.024","175.071","4.242","6106863.0","171505.0","18.45","0.518","tests performed"
"USA","United States","2020-04-25","950663.0","30380.0","56545.0","1716.0","2872.071","91.782","170.829","5.184","5935358.0","219402.0","17.931","0.663","tests performed"
"USA","United States","2020-04-24","920283.0","32327.0","54829.0","2188.0","2780.289","97.664","165.645","6.61","5715956.0","259186.0","17.269","0.783","tests performed"
"USA","United States","2020-04-23","887956.0","33612.0","52641.0","2458.0","2682.625","101.546","159.035","7.426","5456770.0","232887.0","16.486","0.704","tests performed"
"USA","United States","2020-04-22","854344.0","28911.0","50183.0","2465.0","2581.079","87.344","151.609","7.447","5223883.0","235699.0","15.782","0.712","tests performed"
"USA","United States","2020-04-21","825433.0","25926.0","47718.0","2505.0","2493.735","78.326","144.162","7.568","4988184.0","221058.0","15.07","0.668","tests performed"
"USA","United States","2020-04-20","799507.0","29820.0","45213.0","2236.0","2415.41","90.09","136.594","6.755","4767126.0","160010.0","14.402","0.483","tests performed"
"USA","United States","2020-04-19","769687.0","26062.0","42977.0","1976.0","2325.32","78.737","129.839","5.97","4607116.0","134261.0","13.919","0.406","tests performed"
"USA","United States","2020-04-18","743625.0","27907.0","41001.0","1972.0","2246.583","84.311","123.869","5.958","4472855.0","167058.0","13.513","0.505","tests performed"
"USA","United States","2020-04-17","715718.0","33066.0","39029.0","2113.0","2162.273","99.896","117.911","6.384","4305797.0","198121.0","13.008","0.599","tests performed"
"USA","United States","2020-04-16","682652.0","30002.0","36916.0","2153.0","2062.376","90.64","111.528","6.504","4107676.0","184106.0","12.41","0.556","tests performed"
"USA","United States","2020-04-15","652650.0","25408.0","34763.0","2607.0","1971.736","76.761","105.023","7.876","3923570.0","172154.0","11.854","0.52","tests performed"
"USA","United States","2020-04-14","627242.0","28818.0","32156.0","2447.0","1894.976","87.063","97.147","7.393","3751416.0","162475.0","11.333","0.491","tests performed"
"USA","United States","2020-04-13","598424.0","26939.0","29709.0","2015.0","1807.913","81.386","89.755","6.088","3588941.0","114189.0","10.843","0.345","tests performed"
"USA","United States","2020-04-12","571485.0","27256.0","27694.0","1873.0","1726.527","82.344","83.667","5.659","3474752.0","111635.0","10.498","0.337","tests performed"
"USA","United States","2020-04-11","544229.0","29083.0","25821.0","2126.0","1644.183","87.863","78.008","6.423","3363117.0","210708.0","10.16","0.637","tests performed"
"USA","United States","2020-04-10","515146.0","34403.0","23695.0","2197.0","1556.32","103.936","71.586","6.637","3152409.0","172982.0","9.524","0.523","tests performed"
"USA","United States","2020-04-09","480743.0","35942.0","21498.0","2211.0","1452.384","108.585","64.948","6.68","2979427.0","175023.0","9.001","0.529","tests performed"
"USA","United States","2020-04-08","444801.0","31235.0","19287.0","2161.0","1343.799","94.365","58.268","6.529","2804404.0","169079.0","8.472","0.511","tests performed"
"USA","United States","2020-04-07","413566.0","30779.0","17126.0","2573.0","1249.434","92.987","51.74","7.773","2635325.0","180423.0","7.962","0.545","tests performed"
"USA","United States","2020-04-06","382787.0","31390.0","14553.0","1772.0","1156.447","94.833","43.966","5.353","2454902.0","143970.0","7.417","0.435","tests performed"
"USA","United States","2020-04-05","351397.0","29895.0","12781.0","1615.0","1061.614","90.316","38.613","4.879","2310932.0","139559.0","6.982","0.422","tests performed"
"USA","United States","2020-04-04","321502.0","32386.0","11166.0","1568.0","971.297","97.842","33.734","4.737","2171373.0","148706.0","6.56","0.449","tests performed"
"USA","United States","2020-04-03","289116.0","32307.0","9598.0","1429.0","873.455","97.603","28.997","4.317","2022667.0","169983.0","6.111","0.514","tests performed"
"USA","United States","2020-04-02","256809.0","32222.0","8169.0","1514.0","775.852","97.347","24.68","4.574","1852684.0","162209.0","5.597","0.49","tests performed"
"USA","United States","2020-04-01","224587.0","32286.0","6655.0","1284.0","678.505","97.54","20.106","3.879","1690475.0","153578.0","5.107","0.464","tests performed"
"USA","United States","2020-03-31","192301.0","26314.0","5371.0","1085.0","580.965","79.498","16.226","3.278","1536897.0","142477.0","4.643","0.43","tests performed"
"USA","United States","2020-03-30","165987.0","22075.0","4286.0","713.0","501.467","66.691","12.949","2.154","1394420.0","123596.0","4.213","0.373","tests performed"
"USA","United States","2020-03-29","143912.0","18899.0","3573.0","616.0","434.776","57.096","10.794","1.861","1270824.0","110159.0","3.839","0.333","tests performed"
"USA","United States","2020-03-28","125013.0","19630.0","2957.0","650.0","377.68","59.305","8.933","1.964","1160665.0","122014.0","3.507","0.369","tests performed"
"USA","United States","2020-03-27","105383.0","18690.0","2307.0","522.0","318.375","56.465","6.97","1.577","1038651.0","136204.0","3.138","0.411","tests performed"
"USA","United States","2020-03-26","86693.0","17856.0","1785.0","418.0","261.91","53.945","5.393","1.263","902447.0","129468.0","2.726","0.391","tests performed"
"USA","United States","2020-03-25","68837.0","12082.0","1367.0","334.0","207.965","36.501","4.13","1.009","772979.0","114773.0","2.335","0.347","tests performed"
"USA","United States","2020-03-24","56755.0","10619.0","1033.0","243.0","171.464","32.081","3.121","0.734","658206.0","104610.0","1.989","0.316","tests performed"
"USA","United States","2020-03-23","46136.0","11238.0","790.0","191.0","139.383","33.951","2.387","0.577","553596.0","80442.0","1.672","0.243","tests performed"
"USA","United States","2020-03-22","34898.0","8873.0","599.0","124.0","105.431","26.806","1.81","0.375","473154.0","74438.0","1.429","0.225","tests performed"
"USA","United States","2020-03-21","26025.0","5995.0","475.0","103.0","78.625","18.112","1.435","0.311","398716.0","76451.0","1.205","0.231","tests performed"
"USA","United States","2020-03-20","20030.0","6367.0","372.0","106.0","60.513","19.235","1.124","0.32","322265.0","76370.0","0.974","0.231","tests performed"
"USA","United States","2020-03-19","13663.0","4494.0","266.0","72.0","41.278","13.577","0.804","0.218","245895.0","60733.0","0.743","0.183","tests performed"
"USA","United States","2020-03-18","9169.0","2657.0","194.0","60.0","27.701","8.027","0.586","0.181","185162.0","50845.0","0.559","0.154","tests performed"
"USA","United States","2020-03-17","6512.0","1833.0","134.0","37.0","19.674","5.538","0.405","0.112","134317.0","40186.0","0.406","0.121","tests performed"
"USA","United States","2020-03-16","4679.0","1467.0","97.0","27.0","14.136","4.432","0.293","0.082","94131.0","27538.0","0.284","0.083","tests performed"
"USA","United States","2020-03-15","3212.0","234.0","70.0","12.0","9.704","0.707","0.211","0.036","66593.0","14422.0","0.201","0.044","tests performed"
"USA","United States","2020-03-14","2978.0","759.0","58.0","7.0","8.997","2.293","0.175","0.021","52171.0","12989.0","0.158","0.039","tests performed"
"USA","United States","2020-03-13","2219.0","633.0","51.0","8.0","6.704","1.912","0.154","0.024","39182.0","11672.0","0.118","0.035","tests performed"
"USA","United States","2020-03-12","1586.0","439.0","43.0","10.0","4.792","1.326","0.13","0.03","27510.0","8794.0","0.083","0.027","tests performed"
"USA","United States","2020-03-11","1147.0","365.0","33.0","5.0","3.465","1.103","0.1","0.015","18716.0","4693.0","0.057","0.014","tests performed"
"USA","United States","2020-03-10","782.0","188.0","28.0","6.0","2.363","0.568","0.085","0.018","14023.0","3350.0","0.042","0.01","tests performed"
"USA","United States","2020-03-09","594.0","75.0","22.0","1.0","1.795","0.227","0.066","0.003","10673.0","2321.0","0.032","0.007","tests performed"
"USA","United States","2020-03-08","519.0","116.0","21.0","4.0","1.568","0.35","0.063","0.012","8352.0","1601.0","0.025","0.005","tests performed"
"USA","United States","2020-03-07","403.0","166.0","17.0","3.0","1.218","0.502","0.051","0.009","6751.0","1763.0","0.02","0.005","tests performed"
"USA","United States","2020-03-06","237.0","53.0","14.0","2.0","0.716","0.16","0.042","0.006","4988.0","1485.0","0.015","0.004","tests performed"
"USA","United States","2020-03-05","184.0","77.0","12.0","1.0","0.556","0.233","0.036","0.003","3503.0","1190.0","0.011","0.004","tests performed"
"USA","United States","2020-03-04","107.0","33.0","11.0","4.0","0.323","0.1","0.033","0.012","2313.0","856.0","0.007","0.003","tests performed"
"USA","United States","2020-03-03","74.0","19.0","7.0","1.0","0.224","0.057","0.021","0.003","1457.0","605.0","0.004","0.002","tests performed"
"USA","United States","2020-03-02","55.0","23.0","6.0","5.0","0.166","0.069","0.018","0.015","852.0","505.0","0.003","0.002","tests performed"
"USA","United States","2020-03-01","32.0","7.0","1.0","0.0","0.097","0.021","0.003","0.0","347.0","347.0","0.001","0.001","tests performed"
